Date,Users
3/18/18,3
3/19/18,2
3/20/18,8
3/21/18,6
3/22/18,12
3/23/18,5
3/24/18,10
3/25/18,24
3/26/18,27
3/27/18,41
3/28/18,44
3/29/18,53
3/30/18,24
3/31/18,9
4/1/18,10
4/2/18,13
4/3/18,25
4/4/18,51
4/5/18,29
4/6/18,29
4/7/18,18
4/8/18,11
4/9/18,33
4/10/18,25
4/11/18,53
4/12/18,49
4/13/18,24
4/14/18,20
4/15/18,12
4/16/18,19
4/17/18,34
4/18/18,35
4/19/18,22
4/20/18,25
4/21/18,48
4/22/18,22
4/23/18,52
4/24/18,35
4/25/18,35
4/26/18,367
4/27/18,221
4/28/18,79
4/29/18,69
4/30/18,64
5/1/18,42
5/2/18,39
5/3/18,124
5/4/18,111
5/5/18,64
5/6/18,31
5/7/18,35
5/8/18,64
5/9/18,55
5/10/18,52
5/11/18,36
5/12/18,23
5/13/18,28
5/14/18,30
5/15/18,36
5/16/18,57
5/17/18,54
5/18/18,45
5/19/18,25
5/20/18,29
5/21/18,34
5/22/18,33
5/23/18,31
5/24/18,55
5/25/18,29
5/26/18,14
5/27/18,18
5/28/18,28
5/29/18,49
5/30/18,35
5/31/18,33
6/1/18,43
6/2/18,30
6/3/18,16
6/4/18,25
6/5/18,24
6/6/18,48
6/7/18,27
6/8/18,28
6/9/18,14
6/10/18,23
6/11/18,37
6/12/18,53
6/13/18,33
6/14/18,40
6/15/18,29
6/16/18,37
6/17/18,14
6/18/18,24
6/19/18,28
6/20/18,66
6/21/18,41
6/22/18,30
6/23/18,36
6/24/18,18
6/25/18,39
6/26/18,55
6/27/18,31
6/28/18,39
6/29/18,35
6/30/18,18
7/1/18,17
7/2/18,40
7/3/18,48
7/4/18,53
7/5/18,38
7/6/18,45
7/7/18,34
7/8/18,20
7/9/18,54
7/10/18,43
7/11/18,40
7/12/18,31
7/13/18,149
7/14/18,367
7/15/18,206
7/16/18,116
7/17/18,90
7/18/18,79
7/19/18,86
7/20/18,60
7/21/18,43
7/22/18,144
7/23/18,580
7/24/18,222
7/25/18,140
7/26/18,265
7/27/18,155
7/28/18,91
7/29/18,74
7/30/18,86
7/31/18,111
8/1/18,524
8/2/18,172
8/3/18,123
8/4/18,79
8/5/18,68
8/6/18,83
8/7/18,138
8/8/18,104
8/9/18,88
8/10/18,84
8/11/18,54
